
INSERT INTO ALUNOS (CPF, NOME_ALUNO, DATA_NASC, MODALIDADE_INTERESSE) VALUES 
(123456789, 'Carlos Silva', '1990-03-14', 'Yoga'),
(234567890, 'Ana Oliveira', '1992-07-21', 'Pilates'),
(345678901, 'Bruna Costa', '1988-01-11', 'Musculação'),
(456789012, 'Eduardo Santos', '1995-05-30', 'Cardio'),
(567890123, 'Fernanda Lima', '1985-09-12', 'Zumba'),
(678901234, 'Gustavo Rocha', '1993-11-01', 'Crossfit');


INSERT INTO MODALIDADES (ID_MODALIDADE, NOME_MODALIDADE, QNTD_ALUNOS) VALUES 
(1, 'Yoga', '20'),
(2, 'Pilates', '15'),
(3, 'Musculação', '25'),
(4, 'Cardio', '30'),
(5, 'Zumba', '18'),
(6, 'Crossfit', '22');


INSERT INTO INSTRUTORES (ID_INSTRUTOR, NOME_INSTRUTOR, ID_MODALIDADE) VALUES 
(1, 'Ricardo Souza', 1),
(2, 'Juliana Almeida', 2),
(3, 'Roberta Dias', 3),
(4, 'Eduardo Lima', 4),
(5, 'Fernanda Costa', 5),
(6, 'Paulo Mendes', 6);


INSERT INTO PLANOS_TREINAMENTO (ID_PLANO, DESCRICAO, ID_INSTRUTOR, CPF) VALUES 
(1, 'Plano de Yoga', 1, 123456789),
(2, 'Plano de Pilates', 2, 234567890),
(3, 'Plano de Musculação', 3, 345678901),
(4, 'Plano de Cardio', 4, 456789012),
(5, 'Plano de Zumba', 5, 567890123),
(6, 'Plano de Crossfit', 6, 678901234);


INSERT INTO AULAS (ID_AULA, HORARIO_AULA, CAPACIDADE_AULA) VALUES 
(1, '08:00:00', '15'),
(2, '10:00:00', '20'),
(3, '12:00:00', '25'),
(4, '14:00:00', '30'),
(5, '16:00:00', '18'),
(6, '18:00:00', '22');


INSERT INTO PAGAMENTOS (ID_PAGAMENTO, DATA_PAGAMENTO, VALOR_PAGAMENTO, STATUS_PAGAMENTO) VALUES 
(1, '2024-11-01 10:30:00', '150.00', 'Pago'),
(2, '2024-11-05 12:00:00', '120.00', 'Pendente'),
(3, '2024-11-10 09:00:00', '200.00', 'Pago'),
(4, '2024-11-12 14:00:00', '180.00', 'Pago'),
(5, '2024-11-15 16:30:00', '160.00', 'Pendente'),
(6, '2024-11-18 08:00:00', '140.00', 'Pago');


INSERT INTO ENDERECO (CEP, CIDADE, BAIRRO, NOME_RUA, NUM_RUA, LOGRADOURO, CPF) VALUES 
('12345-678', 'São Paulo', 'Centro', 'Rua A', '123', 'Residencial', 123456789),
('23456-789', 'Rio de Janeiro', 'Copacabana', 'Rua B', '456', 'Comercial', 234567890),
('34567-890', 'Belo Horizonte', 'Savassi', 'Rua C', '789', 'Edifício', 345678901),
('45678-901', 'Curitiba', 'Batel', 'Rua D', '101', 'Residencial', 456789012),
('56789-012', 'Porto Alegre', 'Moinhos de Vento', 'Rua E', '202', 'Comercial', 567890123),
('67890-123', 'Florianópolis', 'Centro', 'Rua F', '303', 'Residencial', 678901234);

UPDATE ALUNOS SET NOME_ALUNO = 'Carlos Alberto Silva' WHERE CPF = 123456789;
UPDATE ALUNOS SET MODALIDADE_INTERESSE = 'Natação' WHERE CPF = 234567890;

UPDATE MODALIDADES SET NOME_MODALIDADE = 'Pilates Avançado' WHERE ID_MODALIDADE = 2;
UPDATE MODALIDADES SET QNTD_ALUNOS = '35' WHERE ID_MODALIDADE = 3;

UPDATE INSTRUTORES SET NOME_INSTRUTOR = 'Ricardo Souza Lima' WHERE ID_INSTRUTOR = 1;
UPDATE INSTRUTORES SET ID_MODALIDADE = 4 WHERE ID_INSTRUTOR = 2;

UPDATE PLANOS_TREINAMENTO SET DESCRICAO = 'Plano Yoga Avançado' WHERE ID_PLANO = 1;
UPDATE PLANOS_TREINAMENTO SET DESCRICAO = 'Plano de Musculação Personalizado' WHERE ID_PLANO = 3;

UPDATE AULAS SET HORARIO_AULA = '08:30:00' WHERE ID_AULA = 1;
UPDATE AULAS SET CAPACIDADE_AULA = '40' WHERE ID_AULA = 4;

UPDATE PAGAMENTOS SET VALOR_PAGAMENTO = '175.00' WHERE ID_PAGAMENTO = 1;
UPDATE PAGAMENTOS SET STATUS_PAGAMENTO = 'Cancelado' WHERE ID_PAGAMENTO = 2;

UPDATE ENDERECO SET CIDADE = 'Rio de Janeiro' WHERE CEP = '12345-678';
UPDATE ENDERECO SET NUM_RUA = '987' WHERE CPF = 234567890;

DELETE FROM PLANOS_TREINAMENTO WHERE ID_PLANO = 1;

DELETE FROM PAGAMENTOS WHERE ID_PAGAMENTO = 2;

DELETE FROM ENDERECO WHERE CPF = 123456789;

DELETE FROM MODALIDADES WHERE ID_MODALIDADE = 2;

DELETE FROM AULAS WHERE ID_AULA = 4;

DELETE FROM INSTRUTORES WHERE ID_INSTRUTOR = 1;

DELETE FROM ALUNOS WHERE CPF = 123456789;
