
INSERT INTO CLIENTES (COD_CLIENTE, CNPJ, RAZAO_SOCIAL, RAMO_ATV, DATA_CADASTRO, PESSOA_CONTATO, COD_ENDERECO, UF, CEP, CIDADE, BAIRRO, LOGRADOURO, COMPLEMENTO, NUMERO)
VALUES 
(1, '12345678000199', 'Empresa A', 'Comércio', '2024-01-01', 'Maria Silva', 101, 'SP', '01010100', 'São Paulo', 'Centro', 'Rua A', 'Apt 101', '123'),
(2, '98765432000188', 'Empresa B', 'Indústria', '2024-01-02', 'João Souza', 102, 'RJ', '20202020', 'Rio de Janeiro', 'Copacabana', 'Av. Atlântica', 'Sala 202', '456'),
(3, '11223344000177', 'Empresa C', 'Serviços', '2024-01-03', 'Ana Costa', 103, 'MG', '30303030', 'Belo Horizonte', 'Savassi', 'Rua B', 'Piso 1', '789'),
(4, '22334455000166', 'Empresa D', 'Consultoria', '2024-01-04', 'Carlos Oliveira', 104, 'BA', '40404040', 'Salvador', 'Pelourinho', 'Rua C', 'Apto 204', '101'),
(5, '33445566000155', 'Empresa E', 'Saúde', '2024-01-05', 'Fernanda Lima', 105, 'ES', '50505050', 'Vitória', 'Praia do Canto', 'Rua D', 'Bloco A', '202'),
(6, '44556677000144', 'Empresa F', 'Educação', '2024-01-06', 'Roberto Santos', 106, 'DF', '60606060', 'Brasília', 'Asa Sul', 'Rua E', 'Andar 3', '303');

INSERT INTO EMPREGADOS (COD_MATRICULA, NOME, CARGO, SALARIO, DATA_ADESAO, QUALIFICACAO, COD_ENDERECO, UF, CEP, CIDADE, BAIRRO, LOGRADOURO, COMPLEMENTO, NUMERO)
VALUES
(1, 'Lucas Pereira', 'Gerente', '5000', '2023-12-01', 'MBA', 201, 'SP', '01010100', 'São Paulo', 'Centro', 'Rua F', 'Apt 101', '123'),
(2, 'Clara Ribeiro', 'Analista', '3000', '2023-11-01', 'Graduação', 202, 'RJ', '20202020', 'Rio de Janeiro', 'Botafogo', 'Rua G', 'Apto 202', '456'),
(3, 'Fernanda Alves', 'Assistente', '2500', '2023-10-01', 'Técnico', 203, 'MG', '30303030', 'Belo Horizonte', 'Centro', 'Rua H', 'Casa 303', '789'),
(4, 'Eduardo Souza', 'Coordenador', '4500', '2023-09-01', 'Pós-graduação', 204, 'BA', '40404040', 'Salvador', 'Lapa', 'Av. I', 'Sala 404', '101'),
(5, 'Juliana Costa', 'Especialista', '6000', '2023-08-01', 'Doutorado', 205, 'ES', '50505050', 'Vitória', 'Praia do Canto', 'Av. J', 'Andar 2', '202'),
(6, 'Tiago Lima', 'Diretor', '8000', '2023-07-01', 'MBA', 206, 'DF', '60606060', 'Brasília', 'Asa Norte', 'Rua K', 'Sala 1', '303');

INSERT INTO FORNECEDORES (CNPJ, RAZAO_SOCIAL, PESSOA_CONTATO, COD_ENDERECO, UF, CEP, CIDADE, BAIRRO, LOGRADOURO, COMPLEMENTO, NUMERO)
VALUES
('12345678000199', 'Fornecedor A', 'José Almeida', 301, 'SP', '01010100', 'São Paulo', 'Centro', 'Rua L', 'Sala 101', '123'),
('98765432000188', 'Fornecedor B', 'Lucas Lima', 302, 'RJ', '20202020', 'Rio de Janeiro', 'Botafogo', 'Av. M', 'Piso 2', '456'),
('11223344000177', 'Fornecedor C', 'Ana Costa', 303, 'MG', '30303030', 'Belo Horizonte', 'Savassi', 'Rua N', 'Apto 1', '789'),
('22334455000166', 'Fornecedor D', 'Carlos Oliveira', 304, 'BA', '40404040', 'Salvador', 'Pelourinho', 'Rua O', 'Andar 3', '101'),
('33445566000155', 'Fornecedor E', 'Fernanda Lima', 305, 'ES', '50505050', 'Vitória', 'Praia do Canto', 'Rua P', 'Bloco A', '202'),
('44556677000144', 'Fornecedor F', 'Roberto Santos', 306, 'DF', '60606060', 'Brasília', 'Asa Sul', 'Rua Q', 'Andar 4', '303');

INSERT INTO MAQUINAS (COD_MAQUINA, TEMPO_VIDA, DATA_COMPRA, DATA_FIM_GARANTIA)
VALUES
(1, '2024-01-01 10:00:00', '2024-01-01', '2025-01-01'),
(2, '2023-12-01 09:00:00', '2023-12-01', '2024-12-01'),
(3, '2023-11-01 08:00:00', '2023-11-01', '2024-11-01'),
(4, '2023-10-01 07:00:00', '2023-10-01', '2024-10-01'),
(5, '2023-09-01 06:00:00', '2023-09-01', '2024-09-01'),
(6, '2023-08-01 05:00:00', '2023-08-01', '2024-08-01');

INSERT INTO RE (COD_RECURSO, QNTD_NECESSARIA, UNIDADE, TEMPO_USO, MAO_DE_OBRA)
VALUES
(1, 10, 'Horas', '2024-01-01 10:00:00', 'Carlos'),
(2, 5, 'Horas', '2024-02-01 11:00:00', 'Maria'),
(3, 8, 'Horas', '2024-03-01 12:00:00', 'José'),
(4, 12, 'Horas', '2024-04-01 13:00:00', 'Lucas'),
(5, 7, 'Horas', '2024-05-01 14:00:00', 'Tiago'),
(6, 9, 'Horas', '2024-06-01 15:00:00', 'Fernanda');

INSERT INTO RS (COD_SUPRIMENTO, QNTD, DATA_NECESSIDADE)
VALUES
(1, 50, '2024-01-01'),
(2, 30, '2024-02-01'),
(3, 40, '2024-03-01'),
(4, 60, '2024-04-01'),
(5, 35, '2024-05-01'),
(6, 45, '2024-06-01');

INSERT INTO TELEFONES (COD_TELEFONE, NUM_TELEFONE, COD_CLIENTE)
VALUES
(1, '11987654321', 1),
(2, '21987654321', 2),
(3, '31987654321', 3),
(4, '41987654321', 4),
(5, '51987654321', 5),
(6, '61987654321', 6);

INSERT INTO PRODUTOS (COD_PRODUTO, NOME_PRODUTO, TEMPO_FABRICAÇÃO, PRECO_PRODUTO, MAO_DE_OBRA, COD_RECURSO, COD_SUPRIMENTO, COD_MAQUINA)
VALUES
(1, 'Produto A', '2024-01-01', '100.00', '5', 1, 1, 1),
(2, 'Produto B', '2024-02-01', '200.00', '10', 2, 2, 2),
(3, 'Produto C', '2024-03-01', '300.00', '15', 3, 3, 3),
(4, 'Produto D', '2024-04-01', '400.00', '20', 4, 4, 4),
(5, 'Produto E', '2024-05-01', '500.00', '25', 5, 5, 5),
(6, 'Produto F', '2024-06-01', '600.00', '30', 6, 6, 6);

INSERT INTO CARACTERISTICAS_PRODUTOS (DESENHO_PRODUTO, COR_PRODUTO, DIMENSOES_PRODUTO, PESO_PRODUTO, COD_PRODUTO)
VALUES
('Desenho A', 'Vermelho', '10x10', '1kg', 1),
('Desenho B', 'Azul', '15x15', '2kg', 2),
('Desenho C', 'Verde', '20x20', '3kg', 3),
('Desenho D', 'Amarelo', '25x25', '4kg', 4),
('Desenho E', 'Preto', '30x30', '5kg', 5),
('Desenho F', 'Branco', '35x35', '6kg', 6);

INSERT INTO ENCOMENDAS (COD_ENCOMENDA, DATA_INCLUSÃO, VALOR_TOTAL, VALOR_LIQUIDO, VALOR_DESCONTO, QUANTIDADE_PARCELAS, FORMA_PAGAMENTO, COD_PRODUTO)
VALUES
(1, '2024-01-01', '1000.00', '950.00', '50.00', '10', 'Boleto', 1),
(2, '2024-02-01', '2000.00', '1900.00', '100.00', '5', 'Cartão', 2),
(3, '2024-03-01', '3000.00', '2850.00', '150.00', '12', 'Transferência', 3),
(4, '2024-04-01', '4000.00', '3800.00', '200.00', '6', 'Boleto', 4),
(5, '2024-05-01', '5000.00', '4750.00', '250.00', '3', 'Cartão', 5),
(6, '2024-06-01', '6000.00', '5700.00', '300.00', '2', 'Transferência', 6);

INSERT INTO COMPONENTES (COD_COMPONENTE, NOME_COMPONENTE, QNTD_ESTOQUE, PRECO_UNITARIO, UNIDADE, CNPJ)
VALUES
(1, 'Componente A', '100', '10.00', 'Peça', '12345678000199'),
(2, 'Componente B', '200', '20.00', 'Peça', '98765432000188'),
(3, 'Componente C', '150', '30.00', 'Peça', '11223344000177'),
(4, 'Componente D', '120', '40.00', 'Peça', '22334455000166'),
(5, 'Componente E', '80', '50.00', 'Peça', '33445566000155'),
(6, 'Componente F', '90', '60.00', 'Peça', '44556677000144');

INSERT INTO TIPO_COMPONENTES (NOME_TIPO, COD_COMPONENTE)
VALUES
('Tipo A', 1),
('Tipo B', 2),
('Tipo C', 3),
('Tipo D', 4),
('Tipo E', 5),
('Tipo F', 6);

INSERT INTO RM (DATA_MANUTENCAO, DESCRICAO_MANUTENCAO, COD_MAQUINA)
VALUES
('2024-01-01', 'Troca de óleo', 1),
('2024-02-01', 'Calibração', 2),
('2024-03-01', 'Limpeza', 3),
('2024-04-01', 'Reparo', 4),
('2024-05-01', 'Substituição de peças', 5),
('2024-06-01', 'Manutenção preventiva', 6);

UPDATE CLIENTES
SET CNPJ = '12345678000199', RAZAO_SOCIAL = 'Empresa A Atualizada'
WHERE COD_CLIENTE = 1;

UPDATE CLIENTES
SET RAZAO_SOCIAL = 'Empresa B Atualizada', CIDADE = 'Rio de Janeiro Atualizada'
WHERE COD_CLIENTE = 2;

UPDATE EMPREGADOS
SET SALARIO = '6000'
WHERE COD_MATRICULA = 1;

UPDATE EMPREGADOS
SET CARGO = 'Diretor', CIDADE = 'São Paulo'
WHERE COD_MATRICULA = 2;

UPDATE FORNECEDORES
SET PESSOA_CONTATO = 'José Oliveira'
WHERE CNPJ = '12345678000199';

UPDATE FORNECEDORES
SET RAZAO_SOCIAL = 'Fornecedor B Atualizado'
WHERE CNPJ = '98765432000188';

UPDATE MAQUINAS
SET DATA_COMPRA = '2024-02-01'
WHERE COD_MAQUINA = 1;

UPDATE MAQUINAS
SET TEMPO_VIDA = '2024-03-01 08:00:00'
WHERE COD_MAQUINA = 2;

UPDATE RE
SET MAO_DE_OBRA = 'Carlos Pereira'
WHERE COD_RECURSO = 1;

UPDATE RE
SET UNIDADE = 'Dias'
WHERE COD_RECURSO = 2;

UPDATE RS
SET QNTD = 60
WHERE COD_SUPRIMENTO = 1;

UPDATE RS
SET DATA_NECESSIDADE = '2024-07-01'
WHERE COD_SUPRIMENTO = 2;

UPDATE TELEFONES
SET NUM_TELEFONE = '11912345678'
WHERE COD_TELEFONE = 1;

UPDATE TELEFONES
SET NUM_TELEFONE = '21912345678'
WHERE COD_TELEFONE = 2;

UPDATE PRODUTOS
SET PRECO_PRODUTO = '150.00'
WHERE COD_PRODUTO = 1;

UPDATE PRODUTOS
SET TEMPO_FABRICAÇÃO = '2024-04-01'
WHERE COD_PRODUTO = 2;

UPDATE CARACTERISTICAS_PRODUTOS
SET PESO_PRODUTO = '2kg'
WHERE COD_PRODUTO = 1;

UPDATE CARACTERISTICAS_PRODUTOS
SET DIMENSOES_PRODUTO = '20x20'
WHERE COD_PRODUTO = 2;

UPDATE ENCOMENDAS
SET VALOR_LIQUIDO = '980.00'
WHERE COD_ENCOMENDA = 1;

UPDATE ENCOMENDAS
SET QUANTIDADE_PARCELAS = '12'
WHERE COD_ENCOMENDA = 2;

UPDATE COMPONENTES
SET QNTD_ESTOQUE = '150'
WHERE COD_COMPONENTE = 1;

UPDATE COMPONENTES
SET PRECO_UNITARIO = '30.00'
WHERE COD_COMPONENTE = 2;

UPDATE TIPO_COMPONENTES
SET NOME_TIPO = 'Tipo A Atualizado'
WHERE COD_COMPONENTE = 1;

UPDATE TIPO_COMPONENTES
SET NOME_TIPO = 'Tipo B Atualizado'
WHERE COD_COMPONENTE = 2;

UPDATE RM
SET DESCRICAO_MANUTENCAO = 'Substituição de peças'
WHERE COD_MAQUINA = 1;

UPDATE RM
SET DESCRICAO_MANUTENCAO = 'Reparo de motor'
WHERE COD_MAQUINA = 2;

DELETE FROM EMPREGADOS
WHERE COD_MATRICULA = 1;

DELETE FROM TELEFONES
WHERE COD_TELEFONE = 1;

DELETE FROM CLIENTES
WHERE COD_CLIENTE = 1;

DELETE FROM CARACTERISTICAS_PRODUTOS
WHERE COD_PRODUTO = 1;

DELETE FROM ENCOMENDAS
WHERE COD_ENCOMENDA = 1;

DELETE FROM TIPO_COMPONENTES
WHERE COD_COMPONENTE = 1;

DELETE FROM COMPONENTES
WHERE COD_COMPONENTE = 1;

DELETE FROM FORNECEDORES
WHERE CNPJ = '12345678000199';

DELETE FROM PRODUTOS
WHERE COD_PRODUTO = 1;

DELETE FROM RE
WHERE COD_RECURSO = 1;

DELETE FROM RS
WHERE COD_SUPRIMENTO = 1;

DELETE FROM RM
WHERE COD_MAQUINA = 1;

DELETE FROM MAQUINAS
WHERE COD_MAQUINA = 1;
