
INSERT INTO CLIENTES (CPF, NOME_CLIENTE, DATA_NASC, STATUS_FIDELIDADE, CEP, CIDADE, BAIRRO, NOME_RUA, NUM_RUA, LOGRADOURO) VALUES 
(123456789, 'João Silva', '1985-03-14', 'Ouro', '12345-678', 'São Paulo', 'Centro', 'Rua A', '123', 'Residencial'),
(234567890, 'Maria Oliveira', '1992-07-21', 'Prata', '23456-789', 'Rio de Janeiro', 'Copacabana', 'Rua B', '456', 'Comercial'),
(345678901, 'Lucas Costa', '1988-01-11', 'Bronze', '34567-890', 'Belo Horizonte', 'Savassi', 'Rua C', '789', 'Edifício'),
(456789012, 'Amanda Santos', '1995-05-30', 'Ouro', '45678-901', 'Curitiba', 'Batel', 'Rua D', '101', 'Residencial'),
(567890123, 'Fernanda Lima', '1985-09-12', 'Platinum', '56789-012', 'Porto Alegre', 'Moinhos de Vento', 'Rua E', '202', 'Comercial'),
(678901234, 'Carlos Rocha', '1993-11-01', 'Ouro', '67890-123', 'Florianópolis', 'Centro', 'Rua F', '303', 'Residencial');


INSERT INTO PAGAMENTOS (ID_PAGAMENTO, DATA_PAGAMENTO, VALOR, STATUS_PAGAMENTO, CPF) VALUES 
(1, '2024-11-01', '150.00', 'Pago', 123456789),
(2, '2024-11-05', '120.00', 'Pendente', 234567890),
(3, '2024-11-10', '200.00', 'Pago', 345678901),
(4, '2024-11-12', '180.00', 'Pago', 456789012),
(5, '2024-11-15', '160.00', 'Pendente', 567890123),
(6, '2024-11-18', '140.00', 'Pago', 678901234);


INSERT INTO FORNECEDORES (CNPJ, NOME) VALUES 
(12345678000199, 'Fornecedor A'),
(23456789000199, 'Fornecedor B'),
(34567890000199, 'Fornecedor C'),
(45678901000199, 'Fornecedor D'),
(56789012000199, 'Fornecedor E'),
(67890123000199, 'Fornecedor F');

INSERT INTO PRODUTOS (ID_PRODUTO, QNT_ESTOQUE, NOME_PRODUTO, INFO_PRODUTO, PREÇO_PRODUTO, CNPJ) VALUES 
(1, '100', 'Produto A', 'Informação A', '50.00', 12345678000199),
(2, '150', 'Produto B', 'Informação B', '80.00', 23456789000199),
(3, '200', 'Produto C', 'Informação C', '120.00', 34567890000199),
(4, '250', 'Produto D', 'Informação D', '200.00', 45678901000199),
(5, '300', 'Produto E', 'Informação E', '60.00', 56789012000199),
(6, '350', 'Produto F', 'Informação F', '90.00', 67890123000199);



INSERT INTO TELEFONE (ID_TELEFONE, NUM_TELEFONE, CNPJ) VALUES 
(1, '1123456789', 12345678000199),
(2, '2134567890', 23456789000199),
(3, '3145678901', 34567890000199),
(4, '4156789012', 45678901000199),
(5, '5167890123', 56789012000199),
(6, '6178901234', 67890123000199);


INSERT INTO VENDAS (ID_VENDA, DESC_VENDA, FORMA_PAGTO) VALUES 
(1, 'Venda A', 'Cartão'),
(2, 'Venda B', 'PIX'),
(3, 'Venda C', 'Boleto'),
(4, 'Venda D', 'Dinheiro'),
(5, 'Venda E', 'Cartão'),
(6, 'Venda F', 'PIX');


UPDATE CLIENTES SET NOME_CLIENTE = 'João Alberto Silva' WHERE CPF = 123456789;
UPDATE CLIENTES SET STATUS_FIDELIDADE = 'Diamante' WHERE CPF = 234567890;

UPDATE PAGAMENTOS SET VALOR = '170.00' WHERE ID_PAGAMENTO = 1;
UPDATE PAGAMENTOS SET STATUS_PAGAMENTO = 'Cancelado' WHERE ID_PAGAMENTO = 2;

UPDATE FORNECEDORES SET NOME = 'Fornecedor G' WHERE CNPJ = 12345678000199;
UPDATE FORNECEDORES SET NOME = 'Fornecedor W' WHERE CNPJ = 23456789000199;

UPDATE PRODUTOS SET PREÇO_PRODUTO = '55.00' WHERE ID_PRODUTO = 1;
UPDATE PRODUTOS SET QNT_ESTOQUE = '120' WHERE ID_PRODUTO = 2;

UPDATE TELEFONE SET NUM_TELEFONE = '7198765432' WHERE ID_TELEFONE = 1;
UPDATE TELEFONE SET NUM_TELEFONE = '8197654321' WHERE ID_TELEFONE = 2;

UPDATE VENDAS SET FORMA_PAGTO = 'Transferência' WHERE ID_VENDA = 1;
UPDATE VENDAS SET DESC_VENDA = 'Venda Especial' WHERE ID_VENDA = 3;

DELETE FROM TELEFONE WHERE ID_TELEFONE = 1;

DELETE FROM VENDAS WHERE ID_VENDA = 4;

DELETE FROM PRODUTOS WHERE ID_PRODUTO = 1;

DELETE FROM PAGAMENTOS WHERE ID_PAGAMENTO = 1;

DELETE FROM CLIENTES WHERE CPF = 123456789;

DELETE FROM FORNECEDORES WHERE CNPJ = 12345678000199;
